Workbook

Sheet DASHBOARD
A1: NÖVBƏÇİLİK SİSTEMİ DASHBOARD
A2: Bu vərəqdə sistemin ümumi vəziyyəti, balans və risklər göstərilir.
A4: ÜMUMİ VƏZİYYƏT
A5: Cari ay | B5: ='AYLIQ QRAFİK'!$E$4
A6: Cari il | B6: ='AYLIQ QRAFİK'!$B$4
A7: Ayın gün sayı | B7: =DAY(EOMONTH(DATE('AYLIQ QRAFİK'!$B$4, MATCH('AYLIQ QRAFİK'!$E$4, {"Yanvar","Fevral","Mart","Aprel","May","İyun","İyul","Avqust","Sentyabr","Oktyabr","Noyabr","Dekabr"}, 0)), 0))
A8: Aktiv şəxs sayı | B8: =COUNTIF('ŞƏXSLƏR'!$G$5:$G$100,"Aktiv")
A9: Ümumi növbə sayı | B9: =COUNTIF('AYLIQ QRAFİK'!$E$8:$J$37,"<>")*6
A10: Dolu növbə | B10: =COUNTA('AYLIQ QRAFİK'!$E$8:$E$37)+COUNTA('AYLIQ QRAFİK'!$F$8:$F$37)+COUNTA('AYLIQ QRAFİK'!$G$8:$G$37)+COUNTA('AYLIQ QRAFİK'!$H$8:$H$37)+COUNTA('AYLIQ QRAFİK'!$I$8:$I$37)+COUNTA('AYLIQ QRAFİK'!$J$8:$J$37)
A11: Boş növbə | B11: =COUNTBLANK('AYLIQ QRAFİK'!$E$8:$E$37)+COUNTBLANK('AYLIQ QRAFİK'!$F$8:$F$37)+COUNTBLANK('AYLIQ QRAFİK'!$G$8:$G$37)+COUNTBLANK('AYLIQ QRAFİK'!$H$8:$H$37)+COUNTBLANK('AYLIQ QRAFİK'!$I$8:$I$37)+COUNTBLANK('AYLIQ QRAFİK'!$J$8:$J$37)
A12: Yoxluqda olan şəxslər | B12: =COUNTIF('YOXDUR-MƏZUNİYYƏT'!$A$5:$A$100,"<>")
A14: BALANS
A15: Ən aşağı yük | B15: =MIN('BALANS'!$C$5:$C$100)
A16: Orta yük | B16: =AVERAGE('BALANS'!$C$5:$C$100)
A17: Ən yüksək yük | B17: =MAX('BALANS'!$C$5:$C$100)
A18: Yük fərqi | B18: =MAX('BALANS'!$C$5:$C$100)-MIN('BALANS'!$C$5:$C$100)
A19: Həftəsonu yük fərqi | B19: =MAX('BALANS'!$F$5:$H$100)-MIN('BALANS'!$F$5:$H$100)
A21: RİSKLƏR
A22: Yoxluqda olan şəxsə növbə | B22: =COUNTIFS('AYLIQ QRAFİK'!$E$8:$J$37,"<>",'AYLIQ QRAFİK'!$E$8:$E$37,IF(COUNTIF('YOXDUR-MƏZUNİYYƏT'!$A$5:$A$100,'AYLIQ QRAFİK'!$E$8:$E$37)>0,1,0))
A23: Uyğun olmayan şəxs | B23: =SUMPRODUCT(('AYLIQ QRAFİK'!$E$8:$J$37<>"")*('AYLIQ QRAFİK'!$E$8:$J$37<>""))
A24: İstirahət qaydasının pozulması | B24: 0
A25: Boş növbə | B25: =COUNTBLANK('AYLIQ QRAFİK'!$E$8:$J$37)
A26: Həddindən artıq həftəsonu yükü | B26: 0
A27: Ardıcıl növbə | B27: 0

Sheet AYLIQ QRAFİK
A1: AYLIQ NÖVBƏÇİLİK QRAFİKİ
A2: İl və ay seçin. Sistem avtomatik olaraq həmin ayın bütün tarixlərini yaradacaq.
A4: İl: | B4: 2026 | D4: Ay: | E4: Sentyabr
A7: № | B7: Tarix | C7: Həftənin günü | D7: Ay | E7: Hissə növbətçisi | F7: Hissə növbətçisinin köməkçisi | G7: Nəzarət-buraxılış məntəqəsi növbətçisi | H7: Park növbətçisi | I7: Yeməkxana növbətçisi | J7: Otaq növbətçisi
A8: 1 | B8: 2026-09-01 | C8: Çərşənbə axşamı | D8: Sentyabr
A9: 2 | B9: 2026-09-02 | C9: Çərşənbə | D9: Sentyabr
A10: 3 | B10: 2026-09-03 | C10: Cümə axşamı | D10: Sentyabr
A11: 4 | B11: 2026-09-04 | C11: Cümə | D11: Sentyabr
A12: 5 | B12: 2026-09-05 | C12: Şənbə | D12: Sentyabr
A13: 6 | B13: 2026-09-06 | C13: Bazar | D13: Sentyabr
A14: 7 | B14: 2026-09-07 | C14: Bazar ertəsi | D14: Sentyabr
A15: 8 | B15: 2026-09-08 | C15: Çərşənbə axşamı | D15: Sentyabr
A16: 9 | B16: 2026-09-09 | C16: Çərşənbə | D16: Sentyabr
A17: 10 | B17: 2026-09-10 | C17: Cümə axşamı | D17: Sentyabr
A18: 11 | B18: 2026-09-11 | C18: Cümə | D18: Sentyabr
A19: 12 | B19: 2026-09-12 | C19: Şənbə | D19: Sentyabr
... A37: 30 | B37: 2026-09-30 | C37: Çərşənbə | D37: Sentyabr

Sheet ŞƏXSLƏR
A1: ŞƏXSLƏR MƏLUMAT BAZASI
A2: Bu vərəqdə bütün şəxslərin məlumatları və növbələrə uyğunluqları qeyd olunur.
A4: № | B4: Soyad | C4: Ad | D4: Ata adı | E4: Tam ad | F4: Vəzifə | G4: Aktiv / Aktiv deyil | H4: Qeyd | I4: Hissə növbətçisi | J4: Hissə növbətçisinin köməkçisi | K4: Nəzarət-buraxılış məntəqəsi növbətçisi | L4: Park növbətçisi | M4: Yeməkxana növbətçisi | N4: Otaq növbətçisi
A5: 1 | B5: İbrahimov | C5: Rövşən | D5: Hüseyn | E5: =B5&" "&C5&" "&D5&" oğlu" | F5: İbrahimov Rövşən Hüseyn oğlu | G5: Kapitan | H5: Aktiv | I5: ✓ Uyğundur | J5: ✓ Uyğundur | K5: ✓ Uyğundur | L5: ✓ Uyğundur | M5: ✓ Uyğundur | N5: ✓ Uyğundur
A6: 2 | B6: Məmmədəliyev | C6: Elşən | D6: Cavad | E6: =B6&" "&C6&" "&D6&" oğlu" | F6: Məmmədəliyev Elşən Cavad oğlu | G6: Leytenant | H6: Aktiv | I6: ✓ Uyğundur | J6: ✓ Uyğundur | K6: ✓ Uyğundur | L6: ✓ Uyğundur | M6: ✓ Uyğundur | N6: ✓ Uyğundur
A7: 3 | B7: Quliyeva | C7: Aytən | D7: Rövşən | E7: =B7&" "&C7&" "&D7&" oğlu" | F7: Quliyeva Aytən Rövşən qızı | G7: Kapitan | H7: Aktiv | I7: ✓ Uyğundur | J7: ✓ Uyğundur | K7: ✓ Uyğundur | L7: ✓ Uyğundur | M7: ✓ Uyğundur | N7: ✓ Uyğundur
A8: 4 | B8: Hüseynov | C8: Cavid | D8: Tofiq | E8: =B8&" "&C8&" "&D8&" oğlu" | F8: Hüseynov Cavid Tofiq oğlu | G8: Leytenant | H8: Aktiv | I8: ✓ Uyğundur | J8: ✓ Uyğundur | K8: ✓ Uyğundur | L8: ✓ Uyğundur | M8: ✓ Uyğundur | N8: ✓ Uyğundur
A9: 5 | B9: Əliyev | C9: Vüsal | D9: Nizami | E9: =B9&" "&C9&" "&D9&" oğlu" | F9: Əliyev Vüsal Nizami oğlu | G9: Kapitan | H9: Aktiv | I9: ✓ Uyğundur | J9: ✓ Uyğundur | K9: ✓ Uyğundur | L9: ✓ Uyğundur | M9: ✓ Uyğundur | N9: ✓ Uyğundur
A10: 6 | B10: Rzayev | C10: Orxan | D10: Eldar | E10: =B10&" "&C10&" "&D10&" oğlu" | F10: Rzayev Orxan Eldar oğlu | G10: Leytenant | H10: Aktiv | I10: ✓ Uyğundur | J10: ✓ Uyğundur | K10: ✓ Uyğundur | L10: ✓ Uyğundur | M10: ✓ Uyğundur | N10: ✓ Uyğundur
A11: 7 | B11: Səlimova | C11: Nərgiz | D11: Rafiq | E11: =B11&" "&C11&" "&D11&" oğlu" | F11: Səlimova Nərgiz Rafiq qızı | G11: Leytenant | H11: Aktiv | I11: ✓ Uyğundur | J11: ✓ Uyğundur | K11: ✓ Uyğundur | L11: ✓ Uyğundur | M11: ✓ Uyğundur | N11: ✓ Uyğundur
A12: 8 | B12: Məhərrəmov | C12: Fərid | D12: Asif | E12: =B12&" "&C12&" "&D12&" oğlu" | F12: Məhərrəmov Fərid Asif oğlu | G12: Kapitan | H12: Aktiv deyil | I12: ✓ Uyğundur | J12: ✓ Uyğundur | K12: ✓ Uyğundur | L12: ✓ Uyğundur | M12: ✓ Uyğundur | N12: ✓ Uyğundur

Sheet YOXDUR-MƏZUNİYYƏT
A1: YOXDUR / MƏZUNİYYƏT MƏLUMATLARI
A2: Bu vərəqdə şəxslərin yoxluqları qeyd olunur. Bitmə tarixi avtomatik hesablanır.
A4: Şəxs | B4: Səbəb | C4: Başlanğıc tarixi | D4: Gün sayı | E4: Bitmə tarixi | F4: Qeyd
A5: İbrahimov Rövşən Hüseyn oğlu | B5: Məzuniyyət | C5: 10.09.2026 | D5: 7 | E5: =C5+D5-1
A6: Məmmədəliyev Elşən Cavad oğlu | B6: Xəstəlik | C6: 15.09.2026 | D6: 3 | E6: =C6+D6-1
A7: Quliyeva Aytən Rövşən qızı | B7: Təlim | C7: 20.09.2026 | D7: 5 | E7: =C7+D7-1

Sheet BALANS
A1: ŞƏXSLƏRİN NÖVBƏ VƏ XİDMƏT YÜKÜ BALANSI
A2: Bu vərəqdə hər şəxsin cari ayda və əvvəlki aylarda növbə və xidmət yükü göstərilir.
A4: Şəxs | B4: Ümumi növbə | C4: Ümumi xidmət yükü | D4: Mövcud gün | E4: Normallaşdırılmış yük | F4: Cümə | G4: Şənbə | H4: Bazar | I4: Cümə→Şənbə | J4: Şənbə→Bazar | K4: Bazar→Bazar ertəsi | L4: Ağır növbə | M4: Orta növbə | N4: Yüngül növbə | O4: Son növbə
A5: İbrahimov Rövşən Hüseyn oğlu | B5: =COUNTIF('AYLIQ QRAFİK'!$E$8:$E$37,A5)+COUNTIF('AYLIQ QRAFİK'!$F$8:$F$37,A5)+COUNTIF('AYLIQ QRAFİK'!$G$8:$G$37,A5)+COUNTIF('AYLIQ QRAFİK'!$H$8:$H$37,A5)+COUNTIF('AYLIQ QRAFİK'!$I$8:$I$37,A5)+COUNTIF('AYLIQ QRAFİK'!$J$8:$J$37,A5) | C5: =COUNTIF('AYLIQ QRAFİK'!$E$8:$E$37,A5)*PARAMETRLƏR!$B$5+COUNTIF('AYLIQ QRAFİK'!$F$8:$F$37,A5)*PARAMETRLƏR!$B$6+COUNTIF('AYLIQ QRAFİK'!$G$8:$G$37,A5)*PARAMETRLƏR!$B$7+COUNTIF('AYLIQ QRAFİK'!$H$8:$H$37,A5)*PARAMETRLƏR!$B$8+COUNTIF('AYLIQ QRAFİK'!$I$8:$I$37,A5)*PARAMETRLƏR!$B$9+COUNTIF('AYLIQ QRAFİK'!$J$8:$J$37,A5)*PARAMETRLƏR!$B$10 | D5: 30 | E5: =IF(D5>0,C5/D5,0) | F5: =COUNTIFS('AYLIQ QRAFİK'!$E$8:$J$37,A5,'AYLIQ QRAFİK'!$C$8:$C$37,"Cümə")+COUNTIFS('AYLIQ QRAFİK'!$E$8:$J$37,A5,'AYLIQ QRAFİK'!$C$8:$C$37,"Cümə axşamı") | G5: =COUNTIFS('AYLIQ QRAFİK'!$E$8:$J$37,A5,'AYLIQ QRAFİK'!$C$8:$C$37,"Şənbə") | H5: =COUNTIFS('AYLIQ QRAFİK'!$E$8:$J$37,A5,'AYLIQ QRAFİK'!$C$8:$C$37,"Bazar") | I5: =COUNTIFS('AYLIQ QRAFİK'!$E$8:$J$37,A5,'AYLIQ QRAFİK'!$C$8:$C$37,"Cümə",'AYLIQ QRAFİK'!$C$9:$C$38,"Şənbə")+COUNTIFS('AYLIQ QRAFİK'!$E$8:$J$37,A5,'AYLIQ QRAFİK'!$C$8:$C$37,"Cümə axşamı",'AYLIQ QRAFİK'!$C$9:$C$38,"Şənbə") | J5: =COUNTIFS('AYLIQ QRAFİK'!$E$8:$J$37,A5,'AYLIQ QRAFİK'!$C$8:$C$37,"Şənbə",'AYLIQ QRAFİK'!$C$9:$C$38,"Bazar") | K5: =COUNTIFS('AYLIQ QRAFİK'!$E$8:$J$37,A5,'AYLIQ QRAFİK'!$C$8:$C$37,"Bazar",'AYLIQ QRAFİK'!$C$9:$C$38,"Bazar ertəsi") | L5: =COUNTIF('AYLIQ QRAFİK'!$E$8:$E$37,A5)+COUNTIF('AYLIQ QRAFİK'!$F$8:$F$37,A5) | M5: =COUNTIF('AYLIQ QRAFİK'!$G$8:$G$37,A5)+COUNTIF('AYLIQ QRAFİK'!$H$8:$H$37,A5) | N5: =COUNTIF('AYLIQ QRAFİK'!$I$8:$I$37,A5)+COUNTIF('AYLIQ QRAFİK'!$J$8:$J$37,A5) | O5: =IFERROR(MAXIFS('AYLIQ QRAFİK'!$B$8:$B$37,'AYLIQ QRAFİK'!$E$8:$E$37,A5,'AYLIQ QRAFİK'!$E$8:$J$37,A5),"")
A6: Məmmədəliyev Elşən Cavad oğlu | B6: =COUNTIF('AYLIQ QRAFİK'!$E$8:$E$37,A6)+COUNTIF('AYLIQ QRAFİK'!$F$8:$F$37,A6)+COUNTIF('AYLIQ QRAFİK'!$G$8:$G$37,A6)+COUNTIF('AYLIQ QRAFİK'!$H$8:$H$37,A6)+COUNTIF('AYLIQ QRAFİK'!$I$8:$I$37,A6)+COUNTIF('AYLIQ QRAFİK'!$J$8:$J$37,A6) | C6: =COUNTIF('AYLIQ QRAFİK'!$E$8:$E$37,A6)*PARAMETRLƏR!$B$5+COUNTIF('AYLIQ QRAFİK'!$F$8:$F$37,A6)*PARAMETRLƏR!$B$6+COUNTIF('AYLIQ QRAFİK'!$G$8:$G$37,A6)*PARAMETRLƏR!$B$7+COUNTIF('AYLIQ QRAFİK'!$H$8:$H$37,A6)*PARAMETRLƏR!$B$8+COUNTIF('AYLIQ QRAFİK'!$I$8:$I$37,A6)*PARAMETRLƏR!$B$9+COUNTIF('AYLIQ QRAFİK'!$J$8:$J$37,A6)*PARAMETRLƏR!$B$10 | D6: 30 | E6: =IF(D6>0,C6/D6,0) | F6: =COUNTIFS('AYLIQ QRAFİK'!$E$8:$J$37,A6,'AYLIQ QRAFİK'!$C$8:$C$37,"Cümə")+COUNTIFS('AYLIQ QRAFİK'!$E$8:$J$37,A6,'AYLIQ QRAFİK'!$C$8:$C$37,"Cümə axşamı") | G6: =COUNTIFS('AYLIQ QRAFİK'!$E$8:$J$37,A6,'AYLIQ QRAFİK'!$C$8:$C$37,"Şənbə") | H6: =COUNTIFS('AYLIQ QRAFİK'!$E$8:$J$37,A6,'AYLIQ QRAFİK'!$C$8:$C$37,"Bazar") | I6: =COUNTIFS('AYLIQ QRAFİK'!$E$8:$J$37,A6,'AYLIQ QRAFİK'!$C$8:$C$37,"Cümə",'AYLIQ QRAFİK'!$C$9:$C$38,"Şənbə")+COUNTIFS('AYLIQ QRAFİK'!$E$8:$J$37,A6,'AYLIQ QRAFİK'!$C$8:$C$37,"Cümə axşamı",'AYLIQ QRAFİK'!$C$9:$C$38,"Şənbə") | J6: =COUNTIFS('AYLIQ QRAFİK'!$E$8:$J$37,A6,'AYLIQ QRAFİK'!$C$8:$C$37,"Şənbə",'AYLIQ QRAFİK'!$C$9:$C$38,"Bazar") | K6: =COUNTIFS('AYLIQ QRAFİK'!$E$8:$J$37,A6,'AYLIQ QRAFİK'!$C$8:$C$37,"Bazar",'AYLIQ QRAFİK'!$C$9:$C$38,"Bazar ertəsi") | L6: =COUNTIF('AYLIQ QRAFİK'!$E$8:$E$37,A6)+COUNTIF('AYLIQ QRAFİK'!$F$8:$F$37,A6) | M6: =COUNTIF('AYLIQ QRAFİK'!$G$8:$G$37,A6)+COUNTIF('AYLIQ QRAFİK'!$H$8:$H$37,A6) | N6: =COUNTIF('AYLIQ QRAFİK'!$I$8:$I$37,A6)+COUNTIF('AYLIQ QRAFİK'!$J$8:$J$37,A6) | O6: =IFERROR(MAXIFS('AYLIQ QRAFİK'!$B$8:$B$37,'AYLIQ QRAFİK'!$E$8:$E$37,A6,'AYLIQ QRAFİK'!$E$8:$J$37,A6),"")
A7: Quliyeva Aytən Rövşən qızı | B7: =COUNTIF('AYLIQ QRAFİK'!$E$8:$E$37,A7)+COUNTIF('AYLIQ QRAFİK'!$F$8:$F$37,A7)+COUNTIF('AYLIQ QRAFİK'!$G$8:$G$37,A7)+COUNTIF('AYLIQ QRAFİK'!$H$8:$H$37,A7)+COUNTIF('AYLIQ QRAFİK'!$I$8:$I$37,A7)+COUNTIF('AYLIQ QRAFİK'!$J$8:$J$37,A7) | C7: =COUNTIF('AYLIQ QRAFİK'!$E$8:$E$37,A7)*PARAMETRLƏR!$B$5+COUNTIF('AYLIQ QRAFİK'!$F$8:$F$37,A7)*PARAMETRLƏR!$B$6+COUNTIF('AYLIQ QRAFİK'!$G$8:$G$37,A7)*PARAMETRLƏR!$B$7+COUNTIF('AYLIQ QRAFİK'!$H$8:$H$37,A7)*PARAMETRLƏR!$B$8+COUNTIF('AYLIQ QRAFİK'!$I$8:$I$37,A7)*PARAMETRLƏR!$B$9+COUNTIF('AYLIQ QRAFİK'!$J$8:$J$37,A7)*PARAMETRLƏR!$B$10 | D7: 30 | E7: =IF(D7>0,C7/D7,0) | F7: =COUNTIFS('AYLIQ QRAFİK'!$E$8:$J$37,A7,'AYLIQ QRAFİK'!$C$8:$C$37,"Cümə")+COUNTIFS('AYLIQ QRAFİK'!$E$8:$J$37,A7,'AYLIQ QRAFİK'!$C$8:$C$37,"Cümə axşamı") | G7: =COUNTIFS('AYLIQ QRAFİK'!$E$8:$J$37,A7,'AYLIQ QRAFİK'!$C$8:$C$37,"Şənbə") | H7: =COUNTIFS('AYLIQ QRAFİK'!$E$8:$J$37,A7,'AYLIQ QRAFİK'!$C$8:$C$37,"Bazar") | I7: =COUNTIFS('AYLIQ QRAFİK'!$E$8:$J$37,A7,'AYLIQ QRAFİK'!$C$8:$C$37,"Cümə",'AYLIQ QRAFİK'!$C$9:$C$38,"Şənbə")+COUNTIFS('AYLIQ QRAFİK'!$E$8:$J$37,A7,'AYLIQ QRAFİK'!$C$8:$C$37,"Cümə axşamı",'AYLIQ QRAFİK'!$C$9:$C$38,"Şənbə") | J7: =COUNTIFS('AYLIQ QRAFİK'!$E$8:$J$37,A7,'AYLIQ QRAFİK'!$C$8:$C$37,"Şənbə",'AYLIQ QRAFİK'!$C$9:$C$38,"Bazar") | K7: =COUNTIFS('AYLIQ QRAFİK'!$E$8:$J$37,A7,'AYLIQ QRAFİK'!$C$8:$C$37,"Bazar",'AYLIQ QRAFİK'!$C$9:$C$38,"Bazar ertəsi") | L7: =COUNTIF('AYLIQ QRAFİK'!$E$8:$E$37,A7)+COUNTIF('AYLIQ QRAFİK'!$F$8:$F$37,A7) | M7: =COUNTIF('AYLIQ QRAFİK'!$G$8:$G$37,A7)+COUNTIF('AYLIQ QRAFİK'!$H$8:$H$37,A7) | N7: =COUNTIF('AYLIQ QRAFİK'!$I$8:$I$37,A7)+COUNTIF('AYLIQ QRAFİK'!$J$8:$J$37,A7) | O7: =IFERROR(MAXIFS('AYLIQ QRAFİK'!$B$8:$B$37,'AYLIQ QRAFİK'!$E$8:$E$37,A7,'AYLIQ QRAFİK'!$E$8:$J$37,A7),"")
A8: Hüseynov Cavid Tofiq oğlu | B8: =COUNTIF('AYLIQ QRAFİK'!$E$8:$E$37,A8)+COUNTIF('AYLIQ QRAFİK'!$F$8:$F$37,A8)+COUNTIF('AYLIQ QRAFİK'!$G$8:$G$37,A8)+COUNTIF('AYLIQ QRAFİK'!$H$8:$H$37,A8)+COUNTIF('AYLIQ QRAFİK'!$I$8:$I$37,A8)+COUNTIF('AYLIQ QRAFİK'!$J$8:$J$37,A8) | C8: =COUNTIF('AYLIQ QRAFİK'!$E$8:$E$37,A8)*PARAMETRLƏR!$B$5+COUNTIF('AYLIQ QRAFİK'!$F$8:$F$37,A8)*PARAMETRLƏR!$B$6+COUNTIF('AYLIQ QRAFİK'!$G$8:$G$37,A8)*PARAMETRLƏR!$B$7+COUNTIF('AYLIQ QRAFİK'!$H$8:$H$37,A8)*PARAMETRLƏR!$B$8+COUNTIF('AYLIQ QRAFİK'!$I$8:$I$37,A8)*PARAMETRLƏR!$B$9+COUNTIF('AYLIQ QRAFİK'!$J$8:$J$37,A8)*PARAMETRLƏR!$B$10 | D8: 30 | E8: =IF(D8>0,C8/D8,0) | F8: =COUNTIFS('AYLIQ QRAFİK'!$E$8:$J$37,A8,'AYLIQ QRAFİK'!$C$8:$C$37,"Cümə")+COUNTIFS('AYLIQ QRAFİK'!$E$8:$J$37,A8,'AYLIQ QRAFİK'!$C$8:$C$37,"Cümə axşamı") | G8: =COUNTIFS('AYLIQ QRAFİK'!$E$8:$J$37,A8,'AYLIQ QRAFİK'!$C$8:$C$37,"Şənbə") | H8: =COUNTIFS('AYLIQ QRAFİK'!$E$8:$J$37,A8,'AYLIQ QRAFİK'!$C$8:$C$37,"Bazar") | I8: =COUNTIFS('AYLIQ QRAFİK'!$E$8:$J$37,A8,'AYLIQ QRAFİK'!$C$8:$C$37,"Cümə",'AYLIQ QRAFİK'!$C$9:$C$38,"Şənbə")+COUNTIFS('AYLIQ QRAFİK'!$E$8:$J$37,A8,'AYLIQ QRAFİK'!$C$8:$C$37,"Cümə axşamı",'AYLIQ QRAFİK'!$C$9:$C$38,"Şənbə") | J8: =COUNTIFS('AYLIQ QRAFİK'!$E$8:$J$37,A8,'AYLIQ QRAFİK'!$C$8:$C$37,"Şənbə",'AYLIQ QRAFİK'!$C$9:$C$38,"Bazar") | K8: =COUNTIFS('AYLIQ QRAFİK'!$E$8:$J$37,A8,'AYLIQ QRAFİK'!$C$8:$C$37,"Bazar",'AYLIQ QRAFİK'!$C$9:$C$38,"Bazar ertəsi") | L8: =COUNTIF('AYLIQ QRAFİK'!$E$8:$E$37,A8)+COUNTIF('AYLIQ QRAFİK'!$F$8:$F$37,A8) | M8: =COUNTIF('AYLIQ QRAFİK'!$G$8:$G$37,A8)+COUNTIF('AYLIQ QRAFİK'!$H$8:$H$37,A8) | N8: =COUNTIF('AYLIQ QRAFİK'!$I$8:$I$37,A8)+COUNTIF('AYLIQ QRAFİK'!$J$8:$J$37,A8) | O8: =IFERROR(MAXIFS('AYLIQ QRAFİK'!$B$8:$B$37,'AYLIQ QRAFİK'!$E$8:$E$37,A8,'AYLIQ QRAFİK'!$E$8:$J$37,A8),"")
A9: Əliyev Vüsal Nizami oğlu | B9: =COUNTIF('AYLIQ QRAFİK'!$E$8:$E$37,A9)+COUNTIF('AYLIQ QRAFİK'!$F$8:$F$37,A9)+COUNTIF('AYLIQ QRAFİK'!$G$8:$G$37,A9)+COUNTIF('AYLIQ QRAFİK'!$H$8:$H$37,A9)+COUNTIF('AYLIQ QRAFİK'!$I$8:$I$37,A9)+COUNTIF('AYLIQ QRAFİK'!$J$8:$J$37,A9) | C9: =COUNTIF('AYLIQ QRAFİK'!$E$8:$E$37,A9)*PARAMETRLƏR!$B$5+COUNTIF('AYLIQ QRAFİK'!$F$8:$F$37,A9)*PARAMETRLƏR!$B$6+COUNTIF('AYLIQ QRAFİK'!$G$8:$G$37,A9)*PARAMETRLƏR!$B$7+COUNTIF('AYLIQ QRAFİK'!$H$8:$H$37,A9)*PARAMETRLƏR!$B$8+COUNTIF('AYLIQ QRAFİK'!$I$8:$I$37,A9)*PARAMETRLƏR!$B$9+COUNTIF('AYLIQ QRAFİK'!$J$8:$J$37,A9)*PARAMETRLƏR!$B$10 | D9: 30 | E9: =IF(D9>0,C9/D9,0) | F9: =COUNTIFS('AYLIQ QRAFİK'!$E$8:$J$37,A9,'AYLIQ QRAFİK'!$C$8:$C$37,"Cümə")+COUNTIFS('AYLIQ QRAFİK'!$E$8:$J$37,A9,'AYLIQ QRAFİK'!$C$8:$C$37,"Cümə axşamı") | G9: =COUNTIFS('AYLIQ QRAFİK'!$E$8:$J$37,A9,'AYLIQ QRAFİK'!$C$8:$C$37,"Şənbə") | H9: =COUNTIFS('AYLIQ QRAFİK'!$E$8:$J$37,A9,'AYLIQ QRAFİK'!$C$8:$C$37,"Bazar") | I9: =COUNTIFS('AYLIQ QRAFİK'!$E$8:$J$37,A9,'AYLIQ QRAFİK'!$C$8:$C$37,"Cümə",'AYLIQ QRAFİK'!$C$9:$C$38,"Şənbə")+COUNTIFS('AYLIQ QRAFİK'!$E$8:$J$37,A9,'AYLIQ QRAFİK'!$C$8:$C$37,"Cümə axşamı",'AYLIQ QRAFİK'!$C$9:$C$38,"Şənbə") | J9: =COUNTIFS('AYLIQ QRAFİK'!$E$8:$J$37,A9,'AYLIQ QRAFİK'!$C$8:$C$37,"Şənbə",'AYLIQ QRAFİK'!$C$9:$C$38,"Bazar") | K9: =COUNTIFS('AYLIQ QRAFİK'!$E$8:$J$37,A9,'AYLIQ QRAFİK'!$C$8:$C$37,"Bazar",'AYLIQ QRAFİK'!$C$9:$C$38,"Bazar ertəsi") | L9: =COUNTIF('AYLIQ QRAFİK'!$E$8:$E$37,A9)+COUNTIF('AYLIQ QRAFİK'!$F$8:$F$37,A9) | M9: =COUNTIF('AYLIQ QRAFİK'!$G$8:$G$37,A9)+COUNTIF('AYLIQ QRAFİK'!$H$8:$H$37,A9) | N9: =COUNTIF('AYLIQ QRAFİK'!$I$8:$I$37,A9)+COUNTIF('AYLIQ QRAFİK'!$J$8:$J$37,A9) | O9: =IFERROR(MAXIFS('AYLIQ QRAFİK'!$B$8:$B$37,'AYLIQ QRAFİK'!$E$8:$E$37,A9,'AYLIQ QRAFİK'!$E$8:$J$37,A9),"")
A10: Rzayev Orxan Eldar oğlu | B10: =COUNTIF('AYLIQ QRAFİK'!$E$8:$E$37,A10)+COUNTIF('AYLIQ QRAFİK'!$F$8:$F$37,A10)+COUNTIF('AYLIQ QRAFİK'!$G$8:$G$37,A10)+COUNTIF('AYLIQ QRAFİK'!$H$8:$H$37,A10)+COUNTIF('AYLIQ QRAFİK'!$I$8:$I$37,A10)+COUNTIF('AYLIQ QRAFİK'!$J$8:$J$37,A10) | C10: =COUNTIF('AYLIQ QRAFİK'!$E$8:$E$37,A10)*PARAMETRLƏR!$B$5+COUNTIF('AYLIQ QRAFİK'!$F$8:$F$37,A10)*PARAMETRLƏR!$B$6+COUNTIF('AYLIQ QRAFİK'!$G$8:$G$37,A10)*PARAMETRLƏR!$B$7+COUNTIF('AYLIQ QRAFİK'!$H$8:$H$37,A10)*PARAMETRLƏR!$B$8+COUNTIF('AYLIQ QRAFİK'!$I$8:$I$37,A10)*PARAMETRLƏR!$B$9+COUNTIF('AYLIQ QRAFİK'!$J$8:$J$37,A10)*PARAMETRLƏR!$B$10 | D10: 30 | E10: =IF(D10>0,C10/D10,0) | F10: =COUNTIFS('AYLIQ QRAFİK'!$E$8:$J$37,A10,'AYLIQ QRAFİK'!$C$8:$C$37,"Cümə")+COUNTIFS('AYLIQ QRAFİK'!$E$8:$J$37,A10,'AYLIQ QRAFİK'!$C$8:$C$37,"Cümə axşamı") | G10: =COUNTIFS('AYLIQ QRAFİK'!$E$8:$J$37,A10,'AYLIQ QRAFİK'!$C$8:$C$37,"Şənbə") | H10: =COUNTIFS('AYLIQ QRAFİK'!$E$8:$J$37,A10,'AYLIQ QRAFİK'!$C$8:$C$37,"Bazar") | I10: =COUNTIFS('AYLIQ QRAFİK'!$E$8:$J$37,A10,'AYLIQ QRAFİK'!$C$8:$C$37,"Cümə",'AYLIQ QRAFİK'!$C$9:$C$38,"Şənbə")+COUNTIFS('AYLIQ QRAFİK'!$E$8:$J$37,A10,'AYLIQ QRAFİK'!$C$8:$C$37,"Cümə axşamı",'AYLIQ QRAFİK'!$C$9:$C$38,"Şənbə") | J10: =COUNTIFS('AYLIQ QRAFİK'!$E$8:$J$37,A10,'AYLIQ QRAFİK'!$C$8:$C$37,"Şənbə",'AYLIQ QRAFİK'!$C$9:$C$38,"Bazar") | K10: =COUNTIFS('AYLIQ QRAFİK'!$E$8:$J$37,A10,'AYLIQ QRAFİK'!$C$8:$C$37,"Bazar",'AYLIQ QRAFİK'!$C$9:$C$38,"Bazar ertəsi") | L10: =COUNTIF('AYLIQ QRAFİK'!$E$8:$E$37,A10)+COUNTIF('AYLIQ QRAFİK'!$F$8:$F$37,A10) | M10: =COUNTIF('AYLIQ QRAFİK'!$G$8:$G$37,A10)+COUNTIF('AYLIQ QRAFİK'!$H$8:$H$37,A10) | N10: =COUNTIF('AYLIQ QRAFİK'!$I$8:$I$37,A10)+COUNTIF('AYLIQ QRAFİK'!$J$8:$J$37,A10) | O10: =IFERROR(MAXIFS('AYLIQ QRAFİK'!$B$8:$B$37,'AYLIQ QRAFİK'!$E$8:$E$37,A10,'AYLIQ QRAFİK'!$E$8:$J$37,A10),"")
A11: Səlimova Nərgiz Rafiq qızı | B11: =COUNTIF('AYLIQ QRAFİK'!$E$8:$E$37,A11)+COUNTIF('AYLIQ QRAFİK'!$F$8:$F$37,A11)+COUNTIF('AYLIQ QRAFİK'!$G$8:$G$37,A11)+COUNTIF('AYLIQ QRAFİK'!$H$8:$H$37,A11)+COUNTIF('AYLIQ QRAFİK'!$I$8:$I$37,A11)+COUNTIF('AYLIQ QRAFİK'!$J$8:$J$37,A11) | C11: =COUNTIF('AYLIQ QRAFİK'!$E$8:$E$37,A11)*PARAMETRLƏR!$B$5+COUNTIF('AYLIQ QRAFİK'!$F$8:$F$37,A11)*PARAMETRLƏR!$B$6+COUNTIF('AYLIQ QRAFİK'!$G$8:$G$37,A11)*PARAMETRLƏR!$B$7+COUNTIF('AYLIQ QRAFİK'!$H$8:$H$37,A11)*PARAMETRLƏR!$B$8+COUNTIF('AYLIQ QRAFİK'!$I$8:$I$37,A11)*PARAMETRLƏR!$B$9+COUNTIF('AYLIQ QRAFİK'!$J$8:$J$37,A11)*PARAMETRLƏR!$B$10 | D11: 30 | E11: =IF(D11>0,C11/D11,0) | F11: =COUNTIFS('AYLIQ QRAFİK'!$E$8:$J$37,A11,'AYLIQ QRAFİK'!$C$8:$C$37,"Cümə")+COUNTIFS('AYLIQ QRAFİK'!$E$8:$J$37,A11,'AYLIQ QRAFİK'!$C$8:$C$37,"Cümə axşamı") | G11: =COUNTIFS('AYLIQ QRAFİK'!$E$8:$J$37,A11,'AYLIQ QRAFİK'!$C$8:$C$37,"Şənbə") | H11: =COUNTIFS('AYLIQ QRAFİK'!$E$8:$J$37,A11,'AYLIQ QRAFİK'!$C$8:$C$37,"Bazar") | I11: =COUNTIFS('AYLIQ QRAFİK'!$E$8:$J$37,A11,'AYLIQ QRAFİK'!$C$8:$C$37,"Cümə",'AYLIQ QRAFİK'!$C$9:$C$38,"Şənbə")+COUNTIFS('AYLIQ QRAFİK'!$E$8:$J$37,A11,'AYLIQ QRAFİK'!$C$8:$C$37,"Cümə axşamı",'AYLIQ QRAFİK'!$C$9:$C$38,"Şənbə") | J11: =COUNTIFS('AYLIQ QRAFİK'!$E$8:$J$37,A11,'AYLIQ QRAFİK'!$C$8:$C$37,"Şənbə",'AYLIQ QRAFİK'!$C$9:$C$38,"Bazar") | K11: =COUNTIFS('AYLIQ QRAFİK'!$E$8:$J$37,A11,'AYLIQ QRAFİK'!$C$8:$C$37,"Bazar",'AYLIQ QRAFİK'!$C$9:$C$38,"Bazar ertəsi") | L11: =COUNTIF('AYLIQ QRAFİK'!$E$8:$E$37,A11)+COUNTIF('AYLIQ QRAFİK'!$F$8:$F$37,A11) | M11: =COUNTIF('AYLIQ QRAFİK'!$G$8:$G$37,A11)+COUNTIF('AYLIQ QRAFİK'!$H$8:$H$37,A11) | N11: =COUNTIF('AYLIQ QRAFİK'!$I$8:$I$37,A11)+COUNTIF('AYLIQ QRAFİK'!$J$8:$J$37,A11) | O11: =IFERROR(MAXIFS('AYLIQ QRAFİK'!$B$8:$B$37,'AYLIQ QRAFİK'!$E$8:$E$37,A11,'AYLIQ QRAFİK'!$E$8:$J$37,A11),"")
A12: Məhərrəmov Fərid Asif oğlu | B12: =COUNTIF('AYLIQ QRAFİK'!$E$8:$E$37,A12)+COUNTIF('AYLIQ QRAFİK'!$F$8:$F$37,A12)+COUNTIF('AYLIQ QRAFİK'!$G$8:$G$37,A12)+COUNTIF('AYLIQ QRAFİK'!$H$8:$H$37,A12)+COUNTIF('AYLIQ QRAFİK'!$I$8:$I$37,A12)+COUNTIF('AYLIQ QRAFİK'!$J$8:$J$37,A12) | C12: =COUNTIF('AYLIQ QRAFİK'!$E$8:$E$37,A12)*PARAMETRLƏR!$B$5+COUNTIF('AYLIQ QRAFİK'!$F$8:$F$37,A12)*PARAMETRLƏR!$B$6+COUNTIF('AYLIQ QRAFİK'!$G$8:$G$37,A12)*PARAMETRLƏR!$B$7+COUNTIF('AYLIQ QRAFİK'!$H$8:$H$37,A12)*PARAMETRLƏR!$B$8+COUNTIF('AYLIQ QRAFİK'!$I$8:$I$37,A12)*PARAMETRLƏR!$B$9+COUNTIF('AYLIQ QRAFİK'!$J$8:$J$37,A12)*PARAMETRLƏR!$B$10 | D12: 30 | E12: =IF(D12>0,C12/D12,0) | F12: =COUNTIFS('AYLIQ QRAFİK'!$E$8:$J$37,A12,'AYLIQ QRAFİK'!$C$8:$C$37,"Cümə")+COUNTIFS('AYLIQ QRAFİK'!$E$8:$J$37,A12,'AYLIQ QRAFİK'!$C$8:$C$37,"Cümə axşamı") | G12: =COUNTIFS('AYLIQ QRAFİK'!$E$8:$J$37,A12,'AYLIQ QRAFİK'!$C$8:$C$37,"Şənbə") | H12: =COUNTIFS('AYLIQ QRAFİK'!$E$8:$J$37,A12,'AYLIQ QRAFİK'!$C$8:$C$37,"Bazar") | I12: =COUNTIFS('AYLIQ QRAFİK'!$E$8:$J$37,A12,'AYLIQ QRAFİK'!$C$8:$C$37,"Cümə",'AYLIQ QRAFİK'!$C$9:$C$38,"Şənbə")+COUNTIFS('AYLIQ QRAFİK'!$E$8:$J$37,A12,'AYLIQ QRAFİK'!$C$8:$C$37,"Cümə axşamı",'AYLIQ QRAFİK'!$C$9:$C$38,"Şənbə") | J12: =COUNTIFS('AYLIQ QRAFİK'!$E$8:$J$37,A12,'AYLIQ QRAFİK'!$C$8:$C$37,"Şənbə",'AYLIQ QRAFİK'!$C$9:$C$38,"Bazar") | K12: =COUNTIFS('AYLIQ QRAFİK'!$E$8:$J$37,A12,'AYLIQ QRAFİK'!$C$8:$C$37,"Bazar",'AYLIQ QRAFİK'!$C$9:$C$38,"Bazar ertəsi") | L12: =COUNTIF('AYLIQ QRAFİK'!$E$8:$E$37,A12)+COUNTIF('AYLIQ QRAFİK'!$F$8:$F$37,A12) | M12: =COUNTIF('AYLIQ QRAFİK'!$G$8:$G$37,A12)+COUNTIF('AYLIQ QRAFİK'!$H$8:$H$37,A12) | N12: =COUNTIF('AYLIQ QRAFİK'!$I$8:$I$37,A12)+COUNTIF('AYLIQ QRAFİK'!$J$8:$J$37,A12) | O12: =IFERROR(MAXIFS('AYLIQ QRAFİK'!$B$8:$B$37,'AYLIQ QRAFİK'!$E$8:$E$37,A12,'AYLIQ QRAFİK'!$E$8:$J$37,A12),"")

Sheet PARAMETRLƏR
A1: SİSTEM PARAMETRLƏRİ
A2: Bu vərəqdə bütün sistem parametrləri yerləşir. Formulaları dəyişmədən yalnız bu dəyərləri dəyişməklə sistemi idarə edə bilərsiniz.
A4: NÖVBƏ ƏMSALLARI
A5: Hissə növbətçisi | B5: 5 | C5: Bu növbənin ağırlıq əmsalı
A6: Hissə növbətçisinin köməkçisi | B6: 4 | C6: Bu növbənin ağırlıq əmsalı
A7: Nəzarət-buraxılış məntəqəsi növbətçisi | B7: 3 | C7: Bu növbənin ağırlıq əmsalı
A8: Park növbətçisi | B8: 3 | C8: Bu növbənin ağırlıq əmsalı
A9: Yeməkxana növbətçisi | B9: 2 | C9: Bu növbənin ağırlıq əmsalı
A10: Otaq növbətçisi | B10: 1 | C10: Bu növbənin ağırlıq əmsalı
A12: İSTİRAHƏT VƏ QAYDALAR
A13: Minimum istirahət intervalı (gün) | B13: 1 | C13: Eyni şəxsin növbələr arasında minimum keçməli olan gün sayı
A14: Ardıcıl növbə limiti | B14: 2 | C14: Eyni növbənin ardıcıl olaraq neçə dəfə verilməsinə icazə verilir
A15: Eyni növbə təkrar limiti (ay) | B15: 3 | C15: Eyni şəxs eyni növbəni bir ay ərzində neçə dəfə ala bilər
A17: BALANS VƏ ƏDALƏT
A18: Balans toleransı (%) | B18: 10 | C18: Yük fərqinin nə qədərini tolerans etmək
A19: Əvvəlki ayların təsir əmsalı | B19: 0.3 | C19: Son 3 ayın yükünün cari aya təsir əmsalı (0-1)
A20: Həftəsonu əmsalı | B20: 1.5 | C20: Həftəsonu növbələrinin əmsalı

Sheet DƏYİŞİKLİK JURNALI
A1: DƏYİŞİKLİK JURNALI
A2: Bu vərəqdə bütün əl ilə edilmiş dəyişikliklərin tarixçəsi saxlanılır.
A4: Tarix | B4: Saat | C4: Növbə tarixi | D4: Növbə növü | E4: Əvvəlki şəxs | F4: Yeni şəxs | G4: Dəyişiklik səbəbi | H4: Qeyd
A5: =TODAY() | B5: =NOW()
